FECHAS;Amazonas;Antioquia;Arauca;Atlántico;Barranquilla;Bogotá;Bolívar;Cartagena;Boyacá;Caldas;Caquetá;Casanare;Cauca;Cesar;Chocó;Córdoba;Cundinamarca;Guainía;Guaviare;Huila;La Guajira;Magdalena;Santa Marta;Meta;Nariño;Norte de Santander;Putumayo;Quindío;Risaralda;San Andrés y Providencia;Santander;Sucre;Tolima;Valle del Cauca;Buenaventura;Vaupés;Vichada;Empresas privadas*
17/02/2021;0;0;0;0;0;0;0;0;0;0;0;0;0;0;0;6;0;0;0;0;0;0;0;0;0;0;0;0;0;0;0;12;0;0;0;0;0;0
18/02/2021;0;1019;0;0;631;5486;0;79;0;0;0;0;0;0;0;188;1199;0;0;0;0;0;0;0;0;0;0;0;0;0;185;114;0;328;0;0;0;0
19/02/2021;0;1196;0;85;531;6990;282;198;0;638;0;0;0;236;0;649;570;0;0;0;0;210;492;0;0;168;0;95;453;0;638;328;0;1470;0;0;0;0
20/02/2021;0;1492;0;203;465;90;0;197;676;344;0;0;666;294;0;488;0;0;0;214;0;0;228;0;474;496;0;156;311;0;499;168;594;1637;78;0;0;0
21/02/2021;0;2028;0;270;218;0;0;108;396;0;0;0;0;217;0;0;0;0;0;102;0;0;0;0;482;307;0;168;96;0;579;0;492;692;0;0;0;0
22/02/2021;0;735;120;0;613;0;0;301;0;0;149;24;0;101;144;0;0;0;0;271;0;0;0;348;447;197;66;116;48;0;468;72;257;928;0;0;0;0
23/02/2021;0;100;0;0;66;10;0;337;0;0;96;174;0;48;0;0;0;20;79;338;0;0;0;402;219;162;48;0;0;42;19;0;0;89;0;0;24;0
24/02/2021;1783;0;0;0;14;629;0;30;2;0;25;60;0;130;0;2;1244;154;0;149;0;0;0;209;135;0;36;0;0;0;0;0;0;0;0;175;0;0
25/02/2021;2350;650;0;0;43;11333;0;0;393;0;0;42;0;24;0;0;2709;1126;0;216;0;0;0;0;19;12;24;56;0;0;0;0;0;1873;0;181;0;0
26/02/2021;2587;2293;116;240;57;10055;0;73;933;0;0;0;0;0;0;0;3277;1092;0;186;86;0;0;0;145;0;0;484;0;0;0;0;0;1879;0;213;18;0
27/02/2021;1309;4984;98;1130;1026;2965;0;736;1013;2132;0;0;0;0;0;76;1988;904;0;228;562;0;0;605;1520;28;0;440;12;0;0;0;982;2451;0;131;23;0
28/02/2021;642;2748;7;748;834;1078;0;627;542;976;0;0;0;179;0;51;2;0;0;180;20;425;0;0;897;72;0;150;134;0;0;0;1292;1316;21;0;57;0
1/03/2021;636;2867;3;492;614;793;382;440;797;26;46;117;42;858;0;301;730;740;97;252;147;422;0;393;1151;126;83;352;138;13;738;220;546;2075;132;415;2;0
2/03/2021;619;2966;56;225;573;308;816;268;453;223;299;469;665;661;185;804;676;487;70;284;317;121;460;345;1339;326;120;505;565;16;1734;638;493;2682;13;358;5;0
3/03/2021;357;1778;22;303;318;5183;945;286;242;59;309;411;1246;150;155;1074;437;297;73;778;226;16;90;103;1078;692;227;300;722;41;1254;773;221;3514;41;478;0;0
4/03/2021;2056;2533;77;1;183;11060;477;151;216;0;207;312;594;32;171;495;1118;296;26;1043;190;24;651;330;777;636;142;91;342;0;1088;1090;557;2235;13;383;36;0
5/03/2021;2752;2743;195;241;1699;5152;448;126;549;654;226;203;492;228;249;911;1111;287;7;1261;213;301;194;571;907;884;138;365;925;0;1691;982;266;1870;90;427;42;0
6/03/2021;2455;2621;52;589;2207;2226;432;71;442;257;176;224;718;443;327;1522;828;116;90;723;158;484;822;439;1123;1106;143;271;342;0;1673;606;539;3798;317;366;76;0
7/03/2021;1058;2027;0;90;1141;8246;124;35;61;279;238;441;1275;172;287;697;56;0;96;315;558;119;740;60;508;346;243;209;711;0;1249;268;926;1223;99;289;0;0
8/03/2021;1299;3802;76;210;1842;5457;140;761;471;480;208;320;1279;670;27;995;6148;155;73;679;439;61;30;599;1457;945;184;396;697;96;1521;236;635;1774;87;318;22;0
9/03/2021;1215;7358;49;1845;2037;20183;45;1612;1191;672;273;623;343;1003;9;1290;7458;318;100;574;450;351;983;624;1095;1609;88;1038;1223;45;951;436;511;3456;118;188;0;0
10/03/2021;579;9036;86;1785;2521;16824;214;1246;3227;2109;272;764;129;623;175;847;7691;365;38;1176;419;921;1288;784;1223;1057;35;1205;4074;86;2613;790;1040;8835;70;383;117;0
11/03/2021;187;23105;216;1855;2973;24445;2228;1930;5203;7082;319;607;991;1195;208;2127;8181;366;8;1647;704;1035;836;1539;4171;1383;222;1126;4745;155;5755;1374;1697;9425;66;504;3;0
12/03/2021;20;18040;197;1272;3007;18874;2476;1914;4393;2924;498;374;1867;2004;239;2168;6189;272;15;1749;968;1366;1126;1645;4440;2255;164;951;3621;41;7004;1313;4000;10308;70;346;22;0
13/03/2021;21;12335;107;1822;3003;16835;2277;1806;3392;3351;205;274;2098;1469;426;2866;3320;104;0;1226;664;1077;910;1772;3783;2410;86;1362;2642;18;5002;841;3093;10550;96;242;0;0
14/03/2021;0;7100;9;1131;1324;13808;1399;1225;1507;2004;123;184;627;577;285;1470;1307;0;0;598;969;531;89;186;2189;1510;36;586;1533;0;3640;276;1804;7367;0;0;0;0
15/03/2021;0;11177;321;1264;1495;6776;1083;1403;2445;994;357;226;1481;1200;460;1877;7475;130;17;1299;469;598;227;1262;2278;2076;292;1023;639;30;3508;1550;3046;5845;51;33;0;0
16/03/2021;0;9365;182;791;1655;8598;927;1602;1897;1417;452;460;1058;1044;335;1585;241;103;36;1587;317;506;318;1174;1785;1538;321;1154;762;16;2960;975;3322;4599;90;83;11;0
17/03/2021;13;7930;191;550;1842;8576;1546;899;2597;808;188;86;373;1338;248;1414;14;244;113;1137;1409;1273;128;1072;1010;2578;215;910;590;35;3167;791;2732;4658;91;72;1;0
18/03/2021;32;9085;111;401;1527;9747;759;2564;3626;441;298;126;1737;765;274;890;444;108;25;980;1875;636;160;702;1532;1042;142;796;1936;61;1090;1021;1959;5464;51;22;69;0
19/03/2021;60;3374;133;278;1863;9672;2937;3728;685;696;528;111;1395;822;253;1722;5299;143;41;789;1905;509;56;598;816;1341;127;1096;1523;21;2388;1755;1801;6921;86;0;31;0
20/03/2021;313;2760;111;390;2907;6682;4108;3857;481;689;525;206;945;606;148;2049;3629;102;9;926;867;317;552;649;1278;917;13;621;833;23;2068;1563;2247;6388;70;0;0;0
21/03/2021;399;1422;31;1589;2099;6973;2123;1217;48;197;435;8;576;1275;87;2112;823;0;24;204;190;530;79;38;1099;1043;0;212;388;7;999;432;1053;5198;0;0;0;0
22/03/2021;479;1629;103;1085;1369;560;1090;836;321;25;338;20;692;1378;106;2263;635;0;13;200;463;251;270;138;737;2002;8;222;247;8;2263;1121;774;1605;0;0;0;0
23/03/2021;453;2499;161;1678;2228;8808;2582;732;1279;251;577;414;2078;1869;196;2541;8352;202;165;846;788;1070;463;611;2552;1832;333;1526;1405;30;4546;2145;2940;2902;163;275;58;0
24/03/2021;1746;11777;342;1345;2131;17483;2932;351;3084;230;710;384;1792;943;437;2316;8701;319;90;809;493;1430;640;698;2807;1992;436;1536;1316;87;3999;1815;3513;6186;261;488;75;0
25/03/2021;2223;6529;502;974;2341;28189;2884;1580;3944;412;827;421;962;1305;515;2245;6629;1021;62;2531;707;1469;347;1166;2109;1906;404;1238;2285;99;2734;1398;1941;6248;264;363;87;0
26/03/2021;2721;16353;449;1196;6474;22099;3170;1635;4035;398;504;952;962;1652;560;2684;14834;1007;65;2492;890;1006;588;2119;4677;2109;442;1657;2754;202;4140;947;5130;8328;353;287;53;0
27/03/2021;1910;15111;288;4933;5833;22900;2616;2365;4048;1442;711;1004;1501;3098;624;5169;8910;869;10;5031;958;1116;1071;2202;3677;3278;159;1994;4387;69;5468;1006;4178;11839;562;142;157;0
28/03/2021;698;19336;78;2344;3407;15821;800;229;3377;1269;407;331;888;1860;465;2696;2139;0;170;3905;917;598;778;612;2180;1738;132;934;3369;634;4201;407;5967;9136;114;0;0;0
29/03/2021;952;23171;550;3044;5604;28783;2471;526;4407;5143;689;1377;2218;3508;758;3706;2524;655;135;3291;1308;1937;1027;2716;4807;3865;539;2987;3387;803;8613;1224;5176;13485;447;277;83;0
30/03/2021;1098;21832;454;2463;5237;36557;2140;3375;4484;5364;845;737;1522;3272;620;3684;4865;526;158;1537;1220;1577;30;3266;4620;3908;400;2204;4318;1026;8977;1719;5554;16013;406;357;111;0
31/03/2021;759;20344;313;2111;4064;18109;1832;2557;2130;2226;900;1845;1472;2693;568;2435;3795;347;150;2014;1112;845;906;3025;7610;3299;723;1973;3104;676;6684;2355;3424;14567;317;507;71;0
1/04/2021;1657;8539;135;912;1536;8677;170;1059;902;3443;429;507;931;556;376;809;1273;259;9;1148;319;94;193;2597;3013;1552;257;348;447;118;2554;2145;727;9391;20;377;19;0
2/04/2021;2655;7293;142;538;696;3278;67;238;330;1669;331;444;431;192;432;668;462;213;0;1113;204;362;274;739;679;971;195;261;244;110;2214;1092;454;5748;62;422;31;0
3/04/2021;2105;7925;166;937;1606;8764;607;1126;1064;460;359;198;2411;799;106;976;681;96;37;665;385;490;174;755;850;1644;160;261;937;50;1993;652;1142;3845;128;338;13;0
4/04/2021;1567;2855;131;451;2379;7507;157;559;390;1029;134;174;494;386;0;735;107;0;1;148;149;107;0;344;317;810;79;259;996;110;1506;373;413;2086;10;273;0;0
5/04/2021;1580;11749;463;1439;3440;13567;562;1583;1539;1008;378;588;1111;1497;452;2188;6969;288;58;1072;810;313;814;1529;1872;2399;441;0;2133;88;4848;1112;794;2125;205;502;70;0
6/04/2021;1767;16411;540;2631;3904;22346;381;1904;2288;1723;509;698;2817;1524;258;2216;7193;355;58;1323;857;532;813;1238;1851;2688;252;3404;2020;104;3972;1630;1038;7151;189;296;49;0
7/04/2021;777;14243;451;2505;4178;26699;1232;1899;3617;4838;501;601;1961;2213;88;1921;7559;368;72;1096;831;1132;865;1402;3027;2709;270;1972;3732;189;5275;1951;2696;9298;164;557;23;0
8/04/2021;407;17781;397;2224;5205;19501;2246;2386;4703;3343;683;880;863;2496;217;2246;11856;320;53;2193;1129;1356;1031;1474;5447;1930;391;2096;4551;150;5843;2188;2917;10101;186;515;10;0
9/04/2021;288;32153;441;1841;3978;20276;3031;2373;4905;1582;466;582;1559;1849;209;1921;9594;311;48;2059;933;1350;735;1785;5224;3043;444;1739;3402;112;6279;2373;4309;11654;156;361;29;0
10/04/2021;141;21255;233;1219;3831;15217;2320;2689;3016;714;238;489;3179;1967;412;1536;3711;72;11;781;556;960;590;1405;3719;2824;210;1217;3031;20;5571;1809;3546;6317;67;254;0;0
11/04/2021;69;8818;73;673;1177;15689;1134;1203;779;1901;55;169;1072;236;252;1264;746;0;0;244;218;258;77;50;1213;1535;45;320;1015;0;2639;208;827;5361;2;0;0;0
12/04/2021;136;18034;235;1664;4085;7746;1172;2023;1998;212;228;371;755;1526;496;1619;7647;180;64;676;756;609;1374;769;1917;1547;168;1228;1499;36;3421;804;1440;16243;63;157;14;0
13/04/2021;111;17745;187;1087;3015;19716;692;2309;2951;2549;330;299;1181;1664;310;1768;4933;137;48;1123;889;700;592;933;1204;1514;367;1269;2223;21;2324;919;1733;8646;99;130;28;0
14/04/2021;209;12439;321;2273;5161;17579;2086;3235;4162;1623;789;629;1704;1573;180;2149;4897;96;42;2298;1105;855;859;1056;2043;1834;442;1269;2796;41;748;932;3526;9555;186;153;52;0
15/04/2021;178;13529;380;2206;4133;13643;2321;3185;4863;1889;790;814;756;988;679;4300;14148;170;34;1868;2461;1043;808;1608;3180;3068;310;1770;2412;23;649;1289;3442;11549;197;76;99;0
16/04/2021;129;20536;389;2042;5736;30624;3995;6377;6164;2905;1016;836;239;1610;684;3227;6826;127;23;1736;2856;1204;1285;1660;3125;2544;948;3006;3638;89;3084;2393;3079;10365;379;32;104;0
17/04/2021;150;19372;340;1441;4102;19279;4124;2427;4703;1059;719;461;3736;1850;429;3462;1350;119;26;1437;1219;1626;1387;731;4424;5228;127;1449;3720;83;6303;2499;1790;15718;217;0;13;0
18/04/2021;123;15004;62;1463;2335;14306;933;2971;1067;20;446;111;389;1234;139;1903;75;0;0;334;444;1343;100;67;1095;1866;25;0;2120;14;3677;208;1452;6952;5;0;0;0
19/04/2021;366;13007;432;2110;3738;16084;2096;1640;2272;1227;705;480;571;2412;318;3319;120;79;58;903;1128;1964;6216;1024;3273;6075;401;1523;2990;39;4846;1829;4462;9541;208;36;85;0
20/04/2021;0;21280;520;2440;4130;13096;2717;2765;1051;8851;834;772;3268;2036;314;3159;128;207;105;1540;2949;1924;1711;0;3556;3512;584;4084;2974;42;4756;3091;3888;8030;311;0;79;0
21/04/2021;1135;23819;378;2200;4210;50542;2584;2111;1218;3241;869;815;2100;1859;391;4892;98;193;155;1794;1530;1938;2679;1915;2925;3684;515;2162;3042;63;9219;2921;6050;9158;455;263;105;0
22/04/2021;471;8676;447;1683;4128;6905;876;2285;423;1854;960;741;2230;2205;470;4635;0;110;114;2273;1236;1785;1597;3489;3195;3793;517;1743;2654;112;8047;1744;4056;17306;396;420;75;0
23/04/2021;380;10914;466;1604;5585;12366;709;1497;536;2183;829;545;2525;2228;466;3463;4657;117;92;2752;1315;1368;1197;880;2886;3874;533;1374;2181;191;5140;2692;1763;13667;534;81;65;0
24/04/2021;242;13318;240;1979;5334;11290;892;2102;827;2636;558;615;1913;1380;408;3540;81;74;32;3024;919;1206;436;1176;1784;3055;327;1472;1515;79;4877;1418;1052;12232;260;6;2;0
25/04/2021;247;7001;21;448;4226;11359;164;282;541;447;142;370;579;770;267;2280;0;0;0;1047;383;289;777;659;457;2060;80;394;503;0;2947;236;627;11017;31;0;0;0
26/04/2021;532;11120;529;1076;3557;16019;541;1428;838;1459;416;341;1342;2151;638;3521;3649;141;103;689;1168;1111;960;1299;2032;3552;651;1144;1576;1001;4332;1333;1936;11069;562;0;69;0
27/04/2021;288;8009;584;1503;3365;11896;542;1927;2481;1870;547;464;3285;754;390;2653;13980;368;153;1077;1209;656;868;1036;2333;3395;407;1162;1786;73;6495;2125;2469;9552;424;83;13;0
28/04/2021;434;12551;472;1705;1583;13573;830;1921;6123;2256;362;437;2155;6705;327;2095;10465;87;94;2471;1011;1348;2127;1145;2020;1875;339;2015;62;228;1304;727;3641;4375;190;179;35;0
29/04/2021;179;13877;230;1556;1590;29057;1202;2071;5881;3533;385;319;846;1533;205;1590;14178;138;41;2342;805;1799;1813;1522;1832;1431;312;2545;1933;175;1386;1741;3320;7826;177;35;33;0
30/04/2021;271;23616;370;4690;5744;35744;3120;2419;6082;3970;385;1135;1962;1286;551;4382;24319;87;46;2434;906;1764;1676;1426;2090;2090;442;2429;2040;211;9547;2712;4170;7989;162;34;92;0
1/05/2021;170;9202;400;6101;6547;30202;5101;2482;3353;1943;954;1160;2874;3321;1157;3280;12371;39;56;5249;759;1143;902;934;1649;2849;391;1598;349;122;7991;3732;4393;3425;5;0;19;0
2/05/2021;264;17408;22;2982;6248;36271;4060;1925;3031;1023;662;763;608;1970;235;2414;2828;0;0;2619;317;885;145;2258;817;1968;157;443;180;96;6637;1523;4884;1981;12;0;0;0
3/05/2021;322;28402;866;5311;6354;30850;6201;2888;5735;3379;1173;1721;547;2711;1244;5147;8659;92;154;3695;1571;2424;2014;3514;3495;3801;521;3531;2373;215;9920;2586;4210;10806;274;113;107;0
4/05/2021;600;34291;868;4654;7998;34328;5053;5951;5913;5133;1077;1690;3347;2255;935;5752;11427;84;138;7567;1526;2597;2975;3808;4555;6039;437;3837;6181;1229;8481;2973;4742;12877;307;121;121;0
5/05/2021;219;23927;780;3773;6283;10943;3391;7931;4350;3210;784;1491;1624;3555;767;5746;15119;87;121;3799;1527;2091;1520;3962;5974;4892;573;3594;5134;336;4961;3674;5239;11127;168;174;83;0
6/05/2021;195;25467;590;3972;6487;24048;3274;2543;4405;3838;778;1278;2021;2806;415;4881;16468;40;121;2737;1404;1605;1459;3148;6036;5145;570;3823;3402;245;5117;3462;5062;16633;179;0;0;0
7/05/2021;201;29332;654;3340;4794;36801;3006;6478;4244;4859;738;1230;2007;3048;165;4655;16806;79;84;2601;1764;1985;1552;3219;5564;5169;692;3320;5350;173;6745;3807;9533;16633;184;2;141;0
8/05/2021;113;26455;567;2535;6454;27645;2961;4126;4678;1618;450;990;2232;2986;130;4396;11533;43;56;4469;1154;1925;1251;2045;3574;4164;285;966;4456;77;12491;1967;2646;7949;119;0;29;0
9/05/2021;111;17773;41;1054;2803;26385;585;2958;2047;25;251;270;527;1151;11;1138;2117;0;0;589;307;206;402;685;575;2540;66;1533;2624;96;7178;931;1706;2433;0;46;0;0
10/05/2021;197;37811;693;2652;5961;23501;2916;3847;3342;2331;627;983;1457;3809;386;3656;8658;52;65;2347;1515;2355;1402;2090;3120;3995;554;2634;5103;0;10511;1802;4325;6435;168;84;64;0
11/05/2021;201;41052;910;2887;4912;44026;3173;4388;8321;3718;765;911;1338;3287;441;4048;8643;54;88;2986;1406;2591;1692;3553;3389;4202;615;3577;4684;552;8610;2725;6625;14038;210;55;71;0
12/05/2021;321;34896;814;2487;4732;33306;2730;3323;8629;5026;663;831;1269;2389;913;4563;9937;72;68;2664;1562;2344;2044;3813;3344;4252;584;2812;4813;300;11522;3175;4985;12075;219;60;74;0
13/05/2021;254;35994;745;2071;4187;39492;2326;3864;9817;4274;619;730;1413;2664;1236;5578;9605;89;80;4068;1177;2111;1758;3733;3789;4993;578;2753;4874;342;10214;3105;5088;19405;328;35;92;0
14/05/2021;128;36661;591;2078;3731;32625;1778;4863;8991;6807;595;687;2253;2577;1170;5020;7851;56;100;3877;1290;3782;2435;4050;5307;5912;506;2876;5233;365;9231;2535;4273;17222;621;32;87;0
15/05/2021;76;16418;313;1407;2932;37631;1656;2568;2420;5418;373;544;3256;1516;710;2696;4440;78;22;3916;710;1536;1050;1774;4677;3845;288;2707;3726;221;6959;1766;3865;19696;358;0;25;0
16/05/2021;28;12644;107;641;3003;34376;401;1432;956;490;162;253;837;636;160;971;843;0;0;1782;135;980;85;185;1855;2308;12;80;1660;89;6972;589;1908;8310;7;0;2;0
17/05/2021;54;14592;243;543;1657;26899;405;1478;3971;788;212;265;582;378;443;1617;1565;2;0;676;172;700;48;376;1049;2007;110;1267;2163;69;5316;1232;4202;3306;42;0;2;0
18/05/2021;212;25104;775;1618;2836;40515;946;2749;6554;5153;586;663;3937;1977;756;3106;11434;103;231;2135;926;1206;1112;3388;4455;5289;499;3053;4301;263;13559;1411;3092;26150;289;41;100;0
19/05/2021;178;20889;686;1416;2391;31764;2708;3731;6870;5187;450;615;2978;2433;492;3455;9723;66;334;2089;914;1851;1149;2668;4205;3652;599;2735;4222;196;4297;2015;4850;12313;282;33;79;0
20/05/2021;269;18137;451;1519;2585;36511;1832;3041;4311;6538;458;599;2977;1494;411;3496;5005;65;173;3177;708;1348;1172;1879;3910;2412;539;2011;4444;162;10440;1281;5260;17044;388;20;50;0
21/05/2021;216;17262;473;1937;2188;24004;1859;2164;3122;5783;443;1101;2866;1575;401;3772;2864;56;112;2217;1078;1062;1290;3642;4562;2919;374;3442;3381;160;6936;1829;4744;15580;461;14;45;0
22/05/2021;67;11152;214;2508;4624;25878;1202;2070;938;3535;839;793;2946;503;271;2718;3034;42;55;1668;1362;393;610;1263;2742;2400;194;1240;2041;49;9656;1087;2437;9873;218;0;7;0
23/05/2021;37;5382;265;3248;8983;18369;502;431;1367;818;494;831;611;1230;124;1899;356;0;0;449;933;472;942;703;592;1055;4;321;1437;95;7757;416;1019;7628;13;0;0;0
24/05/2021;285;11608;1001;6088;8676;22432;1100;2224;2235;2763;557;1374;2769;1098;1151;5752;2275;97;190;2601;2012;739;1824;2440;2742;2674;791;1225;2693;384;10397;3314;2269;11052;471;20;0;0
25/05/2021;184;25009;958;8767;8758;35238;3799;5147;3575;3250;1132;1828;3128;1694;1302;5593;16935;92;190;3064;1896;1745;1378;2610;3315;4526;668;3132;3364;418;8834;3899;4381;16954;652;20;213;0
26/05/2021;165;34114;1063;7807;8826;38339;7185;4731;5927;8416;1118;1767;4141;3461;918;6865;15897;73;293;3939;2413;3789;1618;796;5124;8007;739;3144;5758;444;8746;5188;9364;18200;585;0;164;0
27/05/2021;140;43476;1105;6527;10163;40016;6615;5814;6659;5172;1660;1732;4482;3326;1311;6356;10231;94;336;4812;2838;3443;3039;10335;7290;7151;745;3618;5559;568;11454;4978;5135;28256;990;60;178;0
28/05/2021;134;39585;1296;8484;9708;40757;6567;7687;3965;6347;2808;1975;4207;5643;1155;6206;13498;86;441;5645;3688;4308;2335;5207;7377;6191;763;3431;5910;542;11119;5021;4867;21904;1039;0;183;0
29/05/2021;60;43449;1213;7168;13557;56831;5503;6956;10372;8421;2171;1172;7598;4850;601;6616;7365;79;323;7518;2975;5082;2830;7056;8803;8406;1657;5251;6869;1061;21839;6094;4696;35579;2593;51;498;0
30/05/2021;19;22404;288;2497;8769;42824;1806;4269;2665;1918;1106;1602;1534;3984;96;4823;5274;0;362;2712;1100;299;883;2641;6366;3109;188;1410;2636;382;11295;3308;5882;15359;91;0;605;0
31/05/2021;114;38338;1399;5736;8120;52594;3457;4553;5285;4709;1948;2408;3410;5068;645;7426;20779;54;879;5005;2997;4646;3352;5159;6996;7612;761;3846;6775;621;16027;5023;4621;24340;1134;41;472;0
1/06/2021;199;43776;1448;5127;7166;52484;7280;5677;5988;5417;1985;2122;5937;7664;668;8094;20036;68;810;8218;3647;3275;4300;5531;8457;9644;1337;3829;5224;183;13509;4478;6164;29656;1143;47;257;0
2/06/2021;137;39609;1565;5044;6334;54805;6992;7114;9305;10551;2112;2394;5783;7202;1348;7969;16023;102;594;5419;2960;3272;2539;4321;9668;9490;1136;4904;5184;73;34561;4164;4918;34793;2072;48;211;0
3/06/2021;169;30393;1641;3883;6864;51153;6357;8057;6100;7300;1505;2251;4338;4965;497;8923;15911;90;656;6648;2828;3844;1991;4322;10053;9672;1329;3057;8780;130;12283;4325;19628;30895;1238;30;194;0
4/06/2021;133;44158;1576;3608;5543;51769;5018;6804;5146;7347;1488;1606;4983;3781;466;7018;19730;80;525;6929;2387;3372;4381;5498;8665;9178;1218;3528;6410;31;8679;5134;7763;19088;1342;36;191;0
5/06/2021;59;32466;623;3109;7053;47050;2775;6722;10375;7843;1397;2296;5821;2815;869;6034;21204;43;122;5379;1827;2249;1393;4785;7553;8093;1262;3702;5873;34;6910;3063;6963;22874;412;0;264;0
6/06/2021;16;26021;274;1856;6021;38593;611;2779;1611;1293;614;1123;1048;755;358;2396;4585;0;20;1276;609;235;1132;571;2014;3334;241;523;4537;70;9645;539;3782;10861;18;0;0;0
7/06/2021;17;20465;1127;1429;4308;36088;1078;2541;1383;1030;792;1101;1589;727;974;2246;7334;0;4;1068;463;337;74;198;1872;3660;713;474;2409;174;6445;930;3413;11781;14;0;0;0
8/06/2021;206;40231;1336;3218;4028;38748;4645;3333;13104;3995;1171;2133;4185;3721;1590;6063;17969;127;301;4365;1986;3187;1606;4764;6178;8884;1154;2658;5176;372;12835;3025;20640;16227;798;179;144;0
9/06/2021;196;30146;974;2987;4559;27106;4157;8310;18151;7894;1347;1727;3790;5103;2097;4270;24889;79;185;4551;1672;2222;2523;5758;5553;7397;882;4093;6244;545;7883;3102;7765;19336;669;59;78;0
10/06/2021;173;44396;876;3479;5228;43739;4853;5581;16776;6146;958;1623;3565;4651;2085;6650;22782;129;191;4534;1600;4134;1225;6390;4894;7424;1359;3520;6680;546;10163;2897;6492;19931;563;0;142;0
11/06/2021;123;51807;843;2810;4029;36311;4520;6103;9961;8169;1105;1951;3369;3782;1658;5847;16038;102;243;4043;1533;3390;886;3278;8051;7181;855;4313;5307;629;16911;2576;9238;21023;736;82;60;0
12/06/2021;54;31540;332;2201;4237;41197;3472;5899;4998;7165;1036;1454;6023;2757;1157;4037;12911;30;62;3366;1325;1957;1220;4422;4916;5700;199;4360;4529;333;13305;1252;8963;19773;317;0;100;0
13/06/2021;14;10124;352;1294;3584;35460;1541;3693;5495;1988;527;1039;1227;997;350;2204;6139;0;0;1607;1005;821;461;2443;1040;3022;121;916;1721;208;6207;522;2519;8168;15;15;6;0
14/06/2021;55;52103;490;2555;2063;40832;1373;1535;3826;105;383;1238;987;997;672;3030;4735;0;12;869;850;244;162;2052;1088;3002;400;1013;2427;81;2997;688;1984;7398;12;0;0;0
15/06/2021;213;33824;1170;5985;3440;37008;5566;3514;8439;5302;0;2076;5819;3551;1441;5915;24422;93;360;3361;1793;1877;0;6286;6217;7275;804;2899;4431;395;11797;3338;8392;16289;366;0;249;0
16/06/2021;147;65352;1497;8089;9648;66306;4937;4983;12802;7704;2533;2327;6077;2921;1264;6900;29461;38;317;6196;6281;1489;1179;4060;5136;8161;964;3048;7034;344;17298;3442;8705;23647;307;86;207;0
17/06/2021;188;52476;1674;8046;8437;66244;5039;3815;14172;8555;2321;2531;6726;3604;1154;7901;27477;10;181;5253;9092;2195;1573;7134;10086;8805;963;3694;6197;7309;15376;5880;8760;26939;482;0;180;0
18/06/2021;166;57230;1718;7307;6731;75576;4303;5375;8749;7718;1972;1939;7041;4073;1256;7936;31487;25;265;3859;13645;2598;900;6671;7445;8431;1015;4010;6818;5462;10412;4058;8071;32744;528;0;153;0
19/06/2021;55;38135;674;6810;11001;71309;5457;7056;13224;9144;1385;1826;6561;8121;732;6535;19661;22;86;7972;12425;3019;3162;4451;7661;10259;829;4142;6291;2863;4786;4391;8761;28049;553;0;124;0
20/06/2021;19;39196;262;3053;11412;54513;5181;4036;9314;2779;3540;1173;4884;2125;411;3616;6483;0;0;7226;3457;1201;0;3864;2950;3563;554;400;4403;1754;15612;651;2416;25940;355;0;0;0
21/06/2021;230;36267;1822;8288;10744;71043;5082;5780;11676;3612;3433;2678;4598;4871;1582;9384;25970;79;423;7033;10312;3709;5641;3281;7264;11510;1007;4479;5707;4398;30279;7976;5683;27853;1186;31;150;0
22/06/2021;235;54076;2168;8213;12400;47631;10265;10650;11164;9785;3985;2858;5304;7509;2011;10213;25970;100;857;7329;8717;5976;2391;10766;8312;13484;1410;7376;8069;422;31059;8454;7798;34360;1880;12;296;0
23/06/2021;145;48738;2289;8561;12212;35314;6812;10480;3412;8405;4010;3084;5896;5480;1916;12134;20710;87;904;10401;14210;5441;3615;5519;12740;13413;1451;6852;9999;509;21283;8074;11858;37489;2523;40;376;0
24/06/2021;171;29578;1858;6617;11761;29319;8861;7778;2623;6906;2751;2906;6874;8846;2627;15979;9387;59;947;9640;11407;4132;1479;10652;14084;10300;1808;6112;10866;535;17685;8670;12108;49144;1929;0;641;0
25/06/2021;150;43623;2116;6734;11738;47346;5954;6010;1674;8970;2771;3290;6154;5647;2065;13463;10937;65;1139;7398;12394;6473;6763;7555;11638;9081;1880;4714;9254;603;6519;7859;7033;46084;2147;0;634;0
26/06/2021;38;46974;1131;6802;14756;57393;4639;6984;10888;6774;3239;2566;10673;6394;1551;11782;9962;25;616;8333;7702;3327;3980;6987;13876;10682;1059;4159;6558;801;5554;2617;5099;43518;2610;0;645;0
27/06/2021;6;21446;688;2926;7633;48774;4049;9265;6786;1895;1313;1758;3555;2655;369;5002;13197;0;350;1066;2214;946;0;2857;6233;5324;126;327;5299;288;13367;3545;3960;25321;405;0;447;0
28/06/2021;113;50391;2627;5539;8552;50750;6981;8290;7169;2937;2779;3727;5415;11536;3620;10680;19590;86;2189;5313;8449;8438;4073;6802;10751;11243;1102;7866;6829;630;18532;3783;6937;36263;2479;150;500;0
29/06/2021;211;64420;5139;5213;7189;43082;7994;10958;6945;10779;2404;4206;5379;14007;1732;12794;10714;82;1832;10098;7650;4362;2795;6129;9836;14606;1240;5821;8607;306;17203;4696;24762;33878;2630;39;1285;0
30/06/2021;139;63819;4430;5129;5536;40513;5561;10519;6730;9951;2361;4622;7341;11463;6003;10359;12628;55;1303;5666;6139;4353;1633;6097;8979;12214;3016;3925;9753;184;13530;3935;12087;36572;2713;40;493;0
1/07/2021;150;32589;4809;4311;6140;61109;6728;8060;9578;5285;2769;1718;4514;9626;2860;8973;17474;86;1097;4977;5333;3060;6479;6433;0;9748;3484;2763;8021;141;9547;3500;12289;34104;2326;46;230;0
2/07/2021;53;33202;2560;4351;5640;52833;4816;5468;10493;4753;2648;733;4593;5699;2195;6811;11561;43;585;6532;6498;7728;1509;7511;9081;9958;1195;3294;8288;144;9104;3287;11219;28269;2383;0;470;0
3/07/2021;32;34263;2010;3688;7028;53996;5634;7673;10909;5678;2955;2504;5668;4108;1662;6476;8363;23;419;5907;4841;1965;1221;3613;4835;7571;8239;4450;7509;259;6751;2535;6990;27408;655;0;285;0
4/07/2021;3;15850;0;2508;5780;43362;3587;2516;5201;3097;1207;878;1385;2116;358;3565;5773;0;169;4773;2586;328;0;966;6119;3858;2980;774;3655;37;7271;2361;3516;12164;326;52;0;0
5/07/2021;3;35507;0;2039;5088;43678;2588;2145;7379;2451;1498;1184;1056;678;328;3955;24763;0;54;987;2545;502;0;1422;1147;4332;158;542;571;62;10132;2447;881;10994;176;0;0;0
6/07/2021;35;40975;1702;5564;7072;69834;9764;6831;14975;5162;2077;2549;4452;5171;3548;7614;25910;90;703;5262;7327;4795;5005;5821;671;11033;815;3518;6181;198;23064;4543;4527;24811;1940;53;488;0
7/07/2021;12;61715;1384;6100;12238;112990;7125;5932;28463;8959;3409;2878;5507;6722;2601;10146;26439;35;296;9380;8224;6882;2009;6228;4809;12522;1598;3864;5653;137;26390;5180;7576;32495;1936;0;604;0
8/07/2021;21;49708;1514;6253;12567;55414;6034;9013;30791;12663;2414;3113;7590;6928;4133;8404;36273;32;261;14005;8377;7370;2548;5786;8310;16200;1271;3507;6661;136;30861;5731;13997;26658;1612;70;299;0
9/07/2021;89;65955;1205;6007;9470;165060;6028;8141;25727;11125;2219;3510;5684;6128;2875;7620;32858;61;408;10411;5489;7018;2792;7398;11042;16187;1465;7354;6347;126;29181;6700;16044;28934;2087;26;824;0
10/07/2021;21;45592;550;4767;9486;48168;5490;9424;12595;5757;2586;4460;6363;5110;2379;6025;21472;20;317;8767;4665;6028;1913;3418;15465;12985;686;3230;5393;54;16891;5879;9210;24502;572;5;422;32379
11/07/2021;5;22988;203;2540;6463;28911;2529;5117;7964;2393;1192;1577;1166;1034;616;3881;6239;0;26;4831;1474;2441;0;5025;12613;7706;275;522;3773;83;12547;4254;8777;14297;85;0;21;0
12/07/2021;27;35893;921;6661;8223;32026;5231;6935;12817;4302;2706;2724;5200;5095;2463;8758;25259;51;365;5067;4851;4806;0;7169;6997;10821;1170;4722;6047;123;22547;3664;6875;17674;1142;0;394;0
13/07/2021;52;54534;711;7013;9148;29500;7324;8486;9249;6231;3486;2870;5285;5333;2075;9363;37388;151;350;9174;5512;3702;5591;7302;13083;11826;4111;5675;5951;59;17333;6618;7845;26675;1118;128;26;0
14/07/2021;146;43517;1223;6862;10835;32799;9692;6535;7847;3174;2923;2905;4524;4807;1987;11678;25471;108;358;8103;6047;4036;1349;7401;8734;11826;1430;7889;5910;110;18435;4955;18607;26033;1285;37;674;72917
15/07/2021;60;67372;1091;6783;10180;42153;9275;7262;10304;2789;2047;2277;2827;4944;1638;10187;21865;111;190;6982;5552;4066;1431;6952;7676;6477;1545;6247;6399;195;16775;4543;6540;31968;937;201;308;0
16/07/2021;143;37171;1525;4682;10530;48475;6273;5128;4774;4314;1533;2603;6000;5112;1217;8991;19799;35;345;7641;5040;3670;1332;5275;10330;5088;1451;4521;6792;135;13767;4165;6541;21662;711;202;429;50919
17/07/2021;35;42209;499;3628;7999;45910;3823;4417;4521;3479;1705;2214;4597;3256;670;6402;9331;0;130;7090;3554;1767;512;3455;10313;4102;697;3031;5921;200;8565;4638;4409;21259;576;136;187;0
18/07/2021;29;18919;241;1850;5485;35747;1314;1043;1003;72;1243;1969;4951;1146;334;2599;955;0;0;3631;1026;278;0;558;6408;1760;224;528;2803;120;6536;2188;726;5033;116;0;0;34853
19/07/2021;109;34926;1166;4814;5414;33493;6010;5373;3292;1924;1523;1870;4727;4469;1213;7166;11839;0;540;4787;6177;3317;1168;4221;1037;2266;1750;3359;7012;340;9410;2807;2923;11103;1733;168;264;6899
20/07/2021;20;21457;460;1748;1991;45676;2386;1056;2193;2236;578;1523;1096;2175;599;6486;4517;17;364;3135;1797;453;110;896;4646;2264;881;858;3313;29;6199;2403;599;11524;272;0;0;31980
21/07/2021;147;34306;746;6060;4119;19782;5481;4178;5651;3681;1178;2281;5199;5281;1846;6920;12703;95;589;10158;5761;4269;699;4036;1782;4121;1763;4914;6610;7459;10339;3292;6863;21474;1950;20;283;14050
22/07/2021;136;34468;1093;6144;4744;30178;3588;4866;4471;4624;1646;3347;3239;3808;1880;7309;12291;82;619;7137;4233;3069;1145;5540;64083;3200;1863;5264;7177;6578;12077;4974;3888;20420;1782;32;0;24199
23/07/2021;127;34914;1264;6427;7556;44197;4998;5402;5927;3983;1445;1937;3121;6371;2103;7213;15998;63;937;7241;4000;3023;1597;2743;7460;8906;2687;5359;7549;4982;16253;4739;8074;20031;1673;6;0;30312
24/07/2021;41;40892;3229;6513;8435;53423;3570;3829;2888;4148;1955;3140;4809;6048;1529;10901;15398;44;493;6119;2288;0;22565;6208;6109;16858;763;3609;5613;61;14812;4699;4753;18737;212;17;0;23106
25/07/2021;96;34209;889;2150;7526;43630;1661;1810;6676;5387;1415;2890;2797;3276;319;5503;9866;6;0;3989;379;5552;130;1322;6465;10738;962;1666;2542;26;8102;2207;2235;20260;131;0;743;21156
26/07/2021;712;38447;1920;3895;7885;40395;4279;5997;12459;4261;2636;3007;2031;6276;2509;14420;17267;144;688;5096;4467;5003;668;3936;4595;11403;822;3570;5235;206;12666;4742;5041;21846;1200;17;205;28208
27/07/2021;467;30690;2393;2713;3678;29193;3490;4397;7418;4642;2191;1979;4054;3616;2424;11137;22789;55;454;6546;4667;6625;276;4631;6557;9675;1915;4993;5816;252;11907;5657;11220;22541;930;21;298;19023
28/07/2021;491;31612;2027;2867;5158;42653;3032;4024;4233;3238;2727;2560;5983;3537;2595;12157;27335;67;380;6183;3868;5384;761;4706;8488;7690;1627;3870;5626;353;11249;5722;9129;21717;967;20;141;30121
29/07/2021;295;57934;2339;13307;10383;44866;2858;3547;9791;3063;1504;1513;4752;6860;2060;10733;58007;46;221;5083;3578;5701;862;4103;6135;13383;1136;5103;5988;416;9299;6165;8431;18212;816;32;91;0
30/07/2021;441;61943;2733;16908;17202;52049;10853;7581;22144;13072;2155;2844;9834;8821;1629;13979;43513;79;221;7006;3742;4513;1342;8272;60491;15895;1232;4362;6642;328;19018;7620;17411;56872;747;18;436;46884
31/07/2021;25;57389;1110;11850;14047;55665;7387;6204;24185;13320;2156;2466;7244;7665;892;10379;25803;151;142;7414;2249;4797;3155;10027;14688;17235;754;4488;8429;68;18596;6375;15801;39923;224;7;50;55858
1/08/2021;50;42335;354;6512;10861;40106;4043;3417;7851;2657;1697;1810;6378;1550;484;3484;11024;6;0;2800;718;857;1741;2956;8179;7187;343;1259;1612;62;13541;3243;3279;24970;40;0;26;9388
2/08/2021;113;54736;1718;11124;11934;68906;5645;9803;13528;7257;2232;2033;5350;7426;1728;11476;19702;0;369;7654;5083;5055;1683;4333;3193;10822;1665;3726;6575;233;22120;5484;15203;40140;751;150;241;31932
3/08/2021;91;70006;2021;10979;13475;52092;10245;8765;11814;9146;1773;4372;9625;7953;1533;16611;16995;159;342;8591;5915;7491;3050;11175;8479;9214;1553;6652;9657;232;23542;7249;26803;40205;859;138;121;37279
4/08/2021;62;62945;2020;7552;13547;60315;5499;9830;12103;14825;1819;2622;7785;6517;1478;13333;16349;25;467;7985;4510;6168;3117;9804;10953;7658;1162;5583;7887;207;22486;7779;14682;39230;970;92;449;15598
5/08/2021;24;58057;1628;5499;10176;84044;8387;8546;7064;11441;1724;1889;4180;6886;1187;10715;15133;35;205;6422;4670;5939;2249;4236;9558;6156;1387;3862;10635;228;19264;8445;9354;37007;537;48;216;35614
6/08/2021;39;51480;1820;5161;9391;257038;6440;9578;5750;32724;1579;1562;7842;6607;1357;9631;28759;30;351;8467;3801;5810;1881;8271;8043;10387;1425;3117;9596;177;19109;6648;11542;35865;665;73;99;22878
7/08/2021;0;32025;634;5953;12946;57557;5344;2413;2654;5572;1373;2391;6928;3566;772;4884;4569;7;10;4447;1400;1833;545;3435;8857;10120;755;2747;5077;61;12944;5792;4523;20662;247;0;0;0
8/08/2021;6;21011;214;3436;5836;42180;1289;1546;528;693;585;1007;3361;876;445;2528;1566;6;0;1090;475;474;0;1551;2936;3982;441;121;3896;32;6832;2225;1048;9418;98;0;0;12650
9/08/2021;25;44426;1168;8455;5210;38336;3668;6104;7552;3066;1187;2443;4360;4839;2297;7976;8919;44;690;4649;3435;4361;3237;4996;1655;8759;1204;4691;6498;174;13240;3912;9824;21640;981;30;143;16463
10/08/2021;70;36760;1339;6678;2627;38766;4911;5144;5584;4631;1223;3198;5411;6634;1773;8662;13950;86;292;6054;3713;4366;3709;6259;4753;5016;1193;3920;8636;219;13757;4600;5896;23337;756;23;136;0
11/08/2021;143;24661;1979;4020;4049;30926;4716;6057;7893;5359;1545;3164;9784;6228;1509;6959;20399;28;332;6054;2640;3979;25749;4897;8983;3174;1309;5024;7242;161;13464;5806;7983;27970;1057;11;298;0
12/08/2021;28;25130;1235;5222;8407;21485;4741;6497;5510;3505;1954;2361;6701;5303;1461;5337;11133;32;250;4591;2622;2715;3530;4558;12639;2910;1120;4231;7058;179;11390;5278;5314;15051;995;5;195;0
13/08/2021;24;28450;1293;5920;9995;26642;3815;4401;5553;7770;1375;2312;6500;5361;1290;4926;6402;730;254;5011;2255;2456;2377;3078;7184;5806;1799;4696;6468;160;10948;5032;3613;18051;646;455;161;0
14/08/2021;300;50062;605;4736;14559;43415;2615;4381;4495;7997;1070;2033;5169;2753;912;4902;6896;71;135;3987;1230;1984;1063;1279;6034;4736;771;1437;6382;38;11282;4780;1739;12276;147;0;54;0
15/08/2021;18;7758;485;3386;13577;29627;751;1101;1824;1373;702;941;2731;734;181;1828;1155;12;25;1258;292;80;205;304;4120;3100;176;764;1307;21;7114;2800;1201;4915;82;0;0;0
16/08/2021;70;11777;772;3877;8151;39601;1341;752;1827;143;435;805;2909;832;209;1746;2349;30;0;563;377;245;0;2078;734;3025;225;418;672;32;5611;1086;157;5074;265;0;0;0
17/08/2021;136;34075;1348;5812;13260;47060;2339;6293;8965;3900;1023;2508;4089;5610;1379;8599;17655;61;323;4682;2056;2433;2814;3317;1025;5789;1513;4309;5278;205;10274;4391;4387;11172;860;157;143;0
18/08/2021;54;35564;1036;10070;13097;38349;6422;7120;3651;3949;1622;2587;6136;6832;1173;10160;13796;52;416;4217;2862;2075;3287;4606;5083;8899;1323;4397;7185;294;10642;5371;7172;16525;293;7;117;23881
19/08/2021;49;28307;1098;5287;8722;64218;5328;6761;2495;7299;1530;2219;6411;5877;1038;8747;9191;71;203;6555;9824;2066;4502;5844;3667;12311;1240;3496;6311;214;9600;6153;11974;29121;714;12;59;0
20/08/2021;62;26533;1185;3017;11076;47456;4129;6243;1847;12086;1504;2018;5562;5912;860;7126;8084;51;164;5800;7641;3270;3943;5460;26865;9697;1131;3889;6777;274;10113;5210;9649;18244;776;120;96;0
21/08/2021;343;0;774;2911;12017;34409;3308;4807;843;8798;1569;2429;1185;7094;805;5760;5774;19;317;2502;2741;2624;3584;4707;3625;5528;1353;809;2815;436;10098;4910;4408;22904;707;1;37;82940
22/08/2021;0;41568;157;1983;13248;34224;805;3194;2120;1281;696;1149;2498;1361;48;4067;3262;0;0;787;674;244;0;2756;2785;2297;126;187;6824;39;7381;3475;605;9896;157;0;0;0
23/08/2021;310;38669;1409;12139;10485;40165;2865;9497;4199;4793;1630;1878;1079;4413;2854;9459;23240;33;324;116;3005;2985;3313;5491;404;2297;1064;0;3284;229;13733;5449;5932;21226;546;56;90;52873
24/08/2021;64;44867;1399;11983;8658;32604;3993;8485;3942;5096;800;2678;3899;4876;1129;7000;30694;55;294;6333;3232;2794;2643;7800;3575;8688;1101;6721;4498;186;15222;5764;8171;16044;851;110;313;0
25/08/2021;47;33717;1617;7580;6048;25123;7805;9681;4046;7649;2009;2747;1534;6102;1220;8811;22225;35;263;3433;3461;3938;4475;5434;8985;6744;1186;4029;5476;172;10325;3686;9525;15574;844;25;223;47915
26/08/2021;30;30299;1388;6305;5792;100683;5725;8614;6636;9823;2435;540;1879;4031;1352;5792;15675;25;495;3109;1752;2696;2605;2552;8985;7651;1011;4586;5156;174;8473;4688;10588;21905;726;4;154;14574
27/08/2021;97;47359;1230;8707;2779;42531;3409;6888;3791;7807;1352;3007;1032;2950;1084;3590;6144;28;194;1910;3822;2128;2242;3217;5606;5729;898;3329;6323;128;8066;2739;13047;12163;631;1;152;33762
28/08/2021;215;26367;498;2581;9006;103496;4015;5491;2635;4394;859;1112;3952;1739;1236;2420;19002;11;219;10027;1623;793;1026;3129;4249;3534;783;3511;4189;44;8498;1030;3842;16107;310;0;36;14021
29/08/2021;7;11485;191;1751;6155;26494;1636;1026;1082;1983;418;713;558;322;235;1492;8655;12;0;2470;222;115;423;917;2326;1575;134;0;1118;16;4788;965;1252;6190;144;0;0;13365
30/08/2021;28;21852;1316;6186;14047;23485;3394;5679;5376;4846;1321;1012;2219;1391;993;6091;16291;37;253;705;2562;1026;543;815;490;3358;838;2441;2803;124;9750;4246;7305;10219;564;6;245;19577
31/08/2021;445;22493;1220;5345;3083;32919;2845;6481;7420;4172;1300;1317;1367;3366;2545;6184;9573;42;242;3706;2199;1284;1621;2322;4457;1959;1307;2941;3804;140;9014;4192;4574;11167;837;5;168;22490
1/09/2021;582;53438;1078;6986;3977;28124;2156;6300;4559;4465;639;1447;6456;4964;1449;5293;4770;69;398;1408;2164;3028;2057;0;4132;1677;941;5342;2596;154;6907;840;5186;11452;671;6;182;18434
2/09/2021;162;39886;1001;3869;7570;23662;2007;5402;3966;3257;730;2214;1765;2823;1232;3686;3294;23;249;3982;1821;1391;1756;0;5909;2633;978;2778;1902;108;5264;4219;6825;12870;1376;0;96;13216
3/09/2021;41;23578;900;6547;6261;26809;5918;3633;1510;3457;448;1907;1682;2111;1414;2866;2672;16;260;2369;3036;944;2665;2501;5895;1470;1107;1660;2644;118;5774;1430;4159;16658;890;6;96;20863
4/09/2021;5;19588;348;5570;9653;26754;3994;3975;1641;3677;299;1862;1568;2087;1678;1390;1111;61;141;5889;934;196;837;1197;3775;7833;547;1440;2766;206;3258;620;2046;16854;256;0;32;10763
5/09/2021;0;12568;106;1219;7924;25809;1105;4289;727;7;389;456;630;665;0;527;2450;0;0;2994;55;5;278;5600;2743;2759;264;228;532;6;1869;329;454;5890;439;0;0;0
6/09/2021;52;14242;582;2890;5185;8183;4217;4978;3252;2045;538;1742;3081;4533;2072;1172;16729;59;279;1498;1416;545;2148;3982;1036;1847;816;2972;3329;123;9675;785;1620;11210;890;1;143;26521
7/09/2021;31;23727;1046;2951;3583;41332;2947;4678;5802;2041;811;2236;1319;5338;1209;7870;23754;50;284;3921;890;412;2094;0;4423;2395;1228;3164;5218;386;5988;1139;2648;15495;938;8;243;10973
8/09/2021;70;22638;1072;4466;6376;20244;3306;5976;6548;2978;506;2435;2241;4157;1284;3470;14918;53;285;3919;1710;445;1400;6224;6576;4553;2138;2843;3931;357;5046;1643;5583;15435;472;5;214;11723
9/09/2021;139;24205;1438;1871;5670;18524;4847;4465;7667;5161;651;1992;28712;4019;1640;5479;13855;40;283;4408;1837;1013;1053;2029;5943;3767;918;2348;6267;462;3310;2221;7804;15541;903;7;364;8196
10/09/2021;75;21608;1237;1150;5403;22286;4357;3154;5121;8017;685;738;990;2311;2475;4460;8336;89;363;4265;2154;1851;305;1345;4818;4055;1025;1192;4140;438;5034;2855;8223;14132;656;5;221;5144
11/09/2021;48;19943;553;5314;7109;26698;5683;2913;4553;3762;736;1465;0;1167;696;2883;6420;0;126;3625;728;713;174;1852;4932;3354;785;1516;6013;357;6155;883;3562;14554;209;0;0;18201
12/09/2021;20;14051;205;1208;4851;30598;1840;635;3529;1172;322;743;6893;608;169;2245;5246;136;0;992;94;58;12;2112;2678;656;163;264;2908;115;2076;625;1139;5134;68;0;41;4051
13/09/2021;168;33406;1226;3034;4377;20902;5122;3213;8806;2113;1205;2042;3233;3413;1842;7849;24723;10;423;1482;1733;1655;334;4332;468;3257;984;2902;7139;308;5080;2143;2889;14632;547;23;65;6229
14/09/2021;267;41155;1198;3000;3745;22950;5641;3168;9811;4448;977;1745;4857;6701;1622;4885;23892;90;240;4437;1423;2096;1092;3663;4342;4729;952;2345;6515;697;3870;2157;4309;13291;543;23;324;6007
15/09/2021;48;28718;1341;2831;2752;22354;4018;3982;8245;5909;2107;1213;3744;5401;1803;5289;9364;34;473;6476;2481;4211;951;2673;3421;4524;1122;1860;4004;663;4136;2424;7508;10588;746;100;408;4191
16/09/2021;225;24913;1085;4321;2089;22389;5088;4004;6277;8733;999;847;4227;3454;1753;5644;3236;70;322;4916;3285;4508;896;3079;5387;4028;1092;2107;2869;143;12221;3101;5555;9340;635;14;507;5548
17/09/2021;115;16630;1064;4240;2778;23830;4584;3162;3487;5040;1104;939;3820;2520;1305;3629;16054;36;378;3220;2897;3621;968;2271;6284;4424;1012;984;2037;218;12560;4282;6193;10011;520;16;425;3252
18/09/2021;13;14942;408;2137;2263;25091;3675;2769;1828;3576;1024;957;3280;1606;790;1760;8832;5;90;3374;1122;1267;347;2268;4476;2076;548;574;3480;78;5383;684;4320;4061;151;27;199;937
19/09/2021;11;6650;144;276;2107;26301;1014;460;742;899;494;288;1833;869;32;1129;6822;0;25;1183;132;94;136;1877;2526;584;291;296;638;15;1463;199;1050;2009;28;0;43;11885
20/09/2021;29;19066;902;3579;2545;22837;4051;3012;4701;2860;1402;1356;3035;25639;1480;4041;14380;45;603;1670;2265;2231;1068;3829;277;3564;830;1233;4135;223;8630;4476;2618;10052;541;19;551;2753
